"","state.abb","state.name","geo_id","year","name","total_liabilities","net_pension_liability","net_opeb_liability","current_liabilities","net_pension_assets","net_opeb_assets","expenses","revenues","population","urban_pop","pct_urban_pop","median_hh_income_21"
"1","CA","California","06037",2020,"los angeles county",52768946000,11560668000,25921499000,5617736000,0,0,28398515000,29454082000,10014042,9924789,0.991090481344684,77356
"2","IL","Illinois","17031",2020,"cook county",21176754633,13580982590,1900989370,708751691,0,0,5655529321,6061200953,5275522,5272651,0.999452188884514,72063
"3","TX","Texas","48201",2020,"harris county",8947139580,470596852,2733774269,660408855,134778,0,3599520889,4137326161,4731129,4677507,0.988662786703853,63539
"4","AZ","Arizona","04013",2020,"maricopa county",2834203888,1876917812,3209316,553067960,0,16637315,2226634981,2499817863,4420574,4318689,0.976953414131397,76230
"5","CA","California","06073",2020,"san diego county",6570540000,3790434000,106033000,945099000,0,0,5176994000,5306058000,3298635,3153671,0.956053627046832,90756
"6","CA","California","06059",2020,"orange county",7044193000,4125372000,328412000,890891000,0,0,4484712000,4801992000,3186979,3179027,0.997501717138026,100210
"7","FL","Florida","12086",2020,"miami-dade county",27654208000,4414212000,692290000,1937708000,0,0,10059397000,9453906000,2701762,2678436,0.991364540317503,58905
"8","TX","Texas","48113",2020,"dallas county",942867000,156475000,228011000,285802000,0,0,1018668000,1062432000,2611491,2598426,0.994217419368909,63549
"9","CA","California","06065",2020,"riverside county",8461146000,3517404000,60350000,1486004000,0,143000,5945935000,5091044000,2418177,2285826,0.945265147207513,78690
"10","WA","Washington","53033",2020,"king county",7102405000,451611000,106619000,890960000,76450000,0,4263206000,5016201000,2269667,2194904,0.9670565169022,110351
"11","NV","Nevada","32003",2020,"clark county",11263235204,2971365931,683532382,925452056,0,0,4770538170,5146232160,2265469,2236714,0.987310750438873,63735
"12","CA","California","06071",2020,"san bernardino county",4697075000,2236518000,8506000,855666000,0,0,4628342000,5011731000,2181662,2064249,0.94618532544574,74218
"13","TX","Texas","48439",2020,"tarrant county",908700000,227323000,184230000,186900000,0,0,717381000,816457000,2110608,2084718,0.987718417162567,71399
"14","TX","Texas","48029",2020,"bexar county",3027051150,117083764,216578397,121104482,0,0,874696720,869968776,2009322,1914732,0.952923470779227,63014
"15","FL","Florida","12011",2020,"broward county",7728588000,1835950000,315136000,587100000,0,0,3040683000,3660292000,1944376,1944223,0.999921825779492,65536
"16","CA","California","06085",2020,"santa clara county",10454942000,4369993000,1193745000,1698043000,0,0,6863789000,7052128000,1936274,1910722,0.98681116524184,141161
"17","MI","Michigan","26163",2020,"wayne county",1812948420,547323476,91675340,331168554,0,0,776082084,1084737794,1793549,1777476,0.991031807672,52644
"18","CA","California","06001",2020,"alameda county",4327169000,1785396000,173413000,748101000,0,0,3251961000,3470053000,1682331,1674100,0.995094370800896,108971
"19","CA","California","06067",2020,"sacramento county",5697591,1843333,135237,359159,0,0,3453455,3562287,1585046,1547026,0.976007772600951,79611
"20","NY","New York","36103",2020,"suffolk county",12322349989,1104493609,6901030000,614044114,0,0,3579014653,3589705708,1525936,1495948,0.980358079060501,112681
"21","FL","Florida","12099",2020,"palm beach county",4197746860,1867489307,447740399,398776095,0,0,2768867581,2731751287,1492198,1479525,0.991511810485387,70024
"22","FL","Florida","12057",2020,"hillsborough county",3229923000,1266841000,116670000,478744000,0,0,2324477000,2543904000,1459773,1406155,0.963276890342398,65818
"23","FL","Florida","12095",2020,"orange county",3034626323,1287393180,42748723,272763331,0,171947,2545112534,2730260273,1429901,1396338,0.97652296511384,64579
"24","NY","New York","36059",2020,"nassau county",14455591000,918259000,6311284000,831739000,0,0,3804405000,3431196000,1395777,1389785,0.995709190742914,125118
"25","OH","Ohio","39049",2020,"franklin county",1539152000,485833000,330467000,119288000,0,1265000,1358038000,1407426000,1323800,1305636,0.986273678867086,66056
"26","TX","Texas","48453",2020,"travis county",2724331272,172394620,1125420726,145211872,0,0,937768731,990562635,1290209,1224251,0.948893494591486,84519
"27","MN","Minnesota","27053",2020,"hennepin county",3494379106,839268166,145819803,473163198,0,0,3473923249,3366383989,1281568,1250960,0.976119041952613,84220
"28","MI","Michigan","26125",2020,"oakland county",741376009,22497565,0,321853855,0,384338239,824504475,970737618,1274395,1203765,0.944577623107435,86597
"29","OH","Ohio","39035",2020,"cuyahoga county",2415923380,574879699,392822866,133324213,0,391753,1491968669,1522380010,1264813,1257664,0.994344636417758,55250
"30","PA","Pennsylvania","42003",2020,"allegheny county",3045677641,1648275854,57453399,301434463,0,0,2192761099,2005108266,1250585,1220381,0.9758535653114,68874
"31","UT","Utah","49035",2020,"salt lake county",958229946,75995899,95202533,163875936,0,0,1228904482,1332987995,1185236,1177043,0.993085776865068,80676
"32","CA","California","06013",2020,"contra costa county",2611861000,677976000,523933000,556090000,0,236000,3423666000,3738705000,1165927,1154266,0.989998516202129,110595
"33","VA","Virginia","51059",2020,"fairfax county",7213251402,1838029525,136090113,602285356,0,0,5533259664,5484428195,1150305,1132574,0.984582403510709,133845
"34","NC","North Carolina","37183",2020,"wake county",3533852433,115220710,415753783,289701442,1917781,0,1712110168,1689602194,1129393,1071162,0.94842616941589,91558
"35","NC","North Carolina","37119",2020,"mecklenburg county",2678783023,137831581,514883109,237829916,1320744,0,1863619083,1869490833,1115526,1106063,0.991556116548721,75138
"36","GA","Georgia","13121",2020,"fulton county",3257955000,333578000,1675472000,98554000,0,0,1107016000,1134497000,1066702,1059965,0.993676819379213,82820
"37","TX","Texas","48085",2020,"collin county",665516189,0,0,116609392,32523900,0,380118732,451872776,1066465,999005,0.938504319071083,102119
"38","MD","Maryland","24031",2020,"montgomery county",6415638072,106518934,825636740,808532471,0,0,4841330406,5082707410,1062054,1033604,0.9732058704726,112352
"39","AZ","Arizona","04019",2020,"pima county",1970239000,776192000,4058000,171786000,0,4588000,1079855000,1188854000,1043434,951173,0.911580331463544,60604
"40","CA","California","06019",2020,"fresno county",2161228000,1054510000,0,257422000,0,0,1687732000,1757231000,1008650,895029,0.88734987418877,63140
"41","NY","New York","36119",2020,"westchester county",6973518018,498291015,4264402132,326975944,0,0,2785455907,2636441581,1004445,958924,0.954669040088326,109131
"42","MO","Missouri","29189",2020,"st louis county",1099837660,324443093,0,161735874,0,0,920256114,870844379,1004310,990523,0.986453877754264,72507
"43","IN","Indiana","18097",2020,"marion county",873586220,114023647,15112759,23965076,0,0,346101589,348954336,977213,968609,0.991205512058395,58737
"44","MD","Maryland","24033",2020,"prince georges county",7876190727,1828515183,2063326398,553578380,0,0,2732961481,2497217158,967194,943654,0.975654491672362,89689
"45","FL","Florida","12103",2020,"pinellas county",1957358812,710305897,697335520,271625819,0,0,1441761042,1558505792,959103,957280,0.998095103048982,61851
"46","GA","Georgia","13135",2020,"gwinnett county",1455596,213317,39204,201771,0,0,1325535,1697363,957027,952537,0.995271988648593,75021
"47","NJ","New Jersey","34003",2020,"bergen county",1293974943,458269025,1209601242,0,0,0,774960411,813424414,955746,954575,0.99878940958344,104777
"48","NY","New York","36029",2020,"erie county",3025657000,289687000,1345295000,237233000,0,0,1970097000,1883843000,954244,855868,0.896914390150864,63014
"49","WI","Wisconsin","55079",2020,"milwaukee county",2876921000,594769000,1415115000,122753000,0,0,1044498000,1171061000,939495,936887,0.997230409296969,56417
"50","IL","Illinois","17043",2020,"dupage county",476399747,165805602,13632860,113741366,0,0,500477128,558287578,932877,931125,0.998121938905129,99536
"51","TN","Tennessee","47157",2020,"shelby county",1845498562,571656496,0,185322233,0,18933000,1310066504,1216535173,929722,898107,0.965972353680153,54931
"52","WA","Washington","53053",2020,"pierce county",758885000,74544000,87223000,91501000,25299000,0,858400000,938767000,921137,858662,0.932183296603085,85492
"53","CA","California","06029",2020,"kern county",2747291000,1804165000,42679000,227726000,0,0,1845376000,1848241000,909244,787826,0.866471264304608,57926
"54","TX","Texas","48121",2020,"denton county",920520035,43366444,124544261,74805984,0,0,358519043,417144223,906405,841126,0.927962913521516,98027
"55","MI","Michigan","26099",2020,"macomb county",588170168,0,110683716,180814373,84215482,0,626031609,838603717,881219,852930,0.967900074555983,67646
"56","TX","Texas","48215",2020,"hidalgo county",669328010,47598461,47475188,146732237,0,0,629203305,639773050,870796,793236,0.910947758391605,44260
"57","TX","Texas","48141",2020,"el paso county",422205749,108703516,48906739,51725969,0,0,383317429,382317073,865655,830826,0.95976350910349,50983
"58","NJ","New Jersey","34023",2020,"middlesex county",769523890,320097775,1171909109,0,0,0,670746438,689147555,863183,854733,0.990234741566473,98992
"59","NJ","New Jersey","34013",2020,"essex county",1244720579,0,0,0,0,0,970983653,1008216197,862782,863609,0.999862225144953,66191
"60","PA","Pennsylvania","42091",2020,"montgomery county",660085418,83324020,0,111189435,0,0,728547177,808381108,856559,827974,0.966634872564803,102648
"61","MD","Maryland","24005",2020,"baltimore county",8640980000,1831608000,1696611000,461723000,0,0,3473559000,3167797000,854554,793614,0.928708595903035,80159
"62","CA","California","06111",2020,"ventura county",2147171000,677172000,131699000,476098000,0,1713000,2098094000,2164226000,843843,815432,0.966331414729991,95819
"63","OH","Ohio","39061",2020,"hamilton county",2670799000,741809000,218552000,189713000,17322000,0,1430020000,1445009000,830625,810853,0.976179784479178,64087
"64","WA","Washington","53061",2020,"snohomish county",658828081,64783002,4929447,129803339,21308309,0,770069215,854744997,827947,730291,0.882039767765717,99650
"65","TX","Texas","48157",2020,"fort bend county",1449434641,47941506,597396893,155833372,0,0,604058894,759862848,822779,783302,0.9520199227253,98070
"66","OR","Oregon","41051",2020,"multnomah county",1265422000,581413000,121091000,170272000,0,0,1357839000,1373076000,815429,804977,0.987183417787959,77851
"67","OK","Oklahoma","40109",2020,"oklahoma county",407711309,11866832,341340034,8640274,0,0,143243674,201157773,796567,735843,0.924086892747886,57890
"68","KY","Kentucky","21111",2020,"jefferson county",2335363514,1158168356,295693343,84027033,0,0,968529820,989561189,782956,770185,0.98367240593178,60636
"69","CA","California","06077",2020,"san joaquin county",2227446646,1584683469,129969434,257288477,0,0,1684207695,1759228543,779227,718832,0.922486599001839,79598
"70","GA","Georgia","13067",2020,"cobb county",1816539766,667140390,178505026,201495859,0,0,1083522938,1224138472,766160,766109,0.99994779083442,87532
"71","CA","California","06081",2020,"san mateo county",1979736000,582014000,93292000,577795000,0,0,1925470000,2201904000,764432,751407,0.982948346637155,131151
"72","GA","Georgia","13089",2020,"dekalb county",2814715000,845083000,611429000,235264000,0,0,1189813000,1228257000,764386,763175,0.998420946594765,70756
"73","FL","Florida","12071",2020,"lee county",2530890000,585079000,807852000,204592000,0,0,1281787000,1299023000,760820,730937,0.960720115874672,66426
"74","NY","New York","36055",2020,"monroe county",2108989000,271901000,608043000,328043000,0,0,1663163000,1647068000,759444,697775,0.918798382498752,66003
"75","CO","Colorado","08041",2020,"el paso county",802181693,485244387,138991599,36876174,0,0,529071537,543782241,730402,655526,0.897495190958317,79094
"76","MA","Massachusetts","25021",2020,"norfolk county",105376198,30650254,55376593,2226019,0,0,41107208,34165053,725999,711300,0.979777707681055,114658
"77","FL","Florida","12105",2020,"polk county",1366570778,519641860,198094593,167107092,0,0,952903062,972172473,725041,646127,0.891153113043862,56344
"78","NJ","New Jersey","34017",2020,"hudson county",1109464808,452267834,471436462,0,0,0,735243231,774659279,724857,724854,1,79159
"79","MO","Missouri","29095",2020,"jackson county",544917604,46067941,5636802,71189070,0,0,357086121,379903957,717206,686587,0.957310611764575,63282
"80","TN","Tennessee","47037",2020,"davidson county",10106765040,303734402,4261044596,431000385,0,0,3182771804,2985439389,715875,693387,0.968574517659286,65463
"81","CO","Colorado","08031",2020,"denver county",11288224000,1699959000,249680000,713552000,17721000,0,3671950000,3707605000,715538,715418,0.999854651569064,81262
"82","IL","Illinois","17097",2020,"lake county",412208585,47434620,18804476,89750647,0,0,500239632,561961256,714351,704232,0.985847115247318,95895
"83","IL","Illinois","17197",2020,"will county",635030409,130130559,43959176,64412446,0,0,399942073,477328660,696362,662409,0.951251875839191,93994
"84","NM","New Mexico","35001",2020,"bernalillo county",802443844,325383442,96053173,87476753,0,0,446263842,492791899,676438,649512,0.960185913394161,59723
"85","AL","Alabama","01073",2020,"jefferson county",2965742000,0,119964000,191938000,142088000,0,803857000,789214000,674355,593276,0.879290847624426,55210
"86","OK","Oklahoma","40143",2020,"tulsa county",248720189,101018575,3994591,16143588,0,0,216565063,329527316,669272,634925,0.948670136071803,59232
"87","UT","Utah","49049",2020,"utah county",328192274,24085947,8261379,59635967,0,0,71794472,332859563,659392,631512,0.957708458763207,86597
"88","MI","Michigan","26081",2020,"kent county",258942401,0,20274392,52041949,56763648,0,402892482,462703732,657984,551457,0.838113664065753,71933
"89","CO","Colorado","08005",2020,"arapahoe county",435652646,208374554,0,52349020,0,0,500917109,509757461,655058,641552,0.979364037431114,84308
"90","PA","Pennsylvania","42017",2020,"bucks county",518377250,2702513,0,163326805,0,0,618696315,693968803,646526,579965,0.897031574323551,99755
"91","NJ","New Jersey","34025",2020,"monmouth county",2519448708,435741708,473743040,0,0,0,637860466,670942714,643608,610605,0.948711574466102,107500
"92","NJ","New Jersey","34029",2020,"ocean county",981487997,320908683,0,0,0,0,575798142,607245768,637229,613695,0.96306822194219,75732
"93","TX","Texas","48339",2020,"montgomery county",1112577123,24066035,253594793,150264813,0,0,544102225,556157482,620451,478509,0.77123764793865,87831
"94","KS","Kansas","20091",2020,"johnson county",1383005817,251000703,23868678,84745526,0,0,744069181,828285621,609864,585241,0.959626998194677,93220
"95","TX","Texas","48491",2020,"williamson county",1352794743,55619549,59226881,92763816,0,0,389341953,507231383,609010,553276,0.908473819285833,96653
"96","FL","Florida","12009",2020,"brevard county",920994570,414905456,27264556,114651332,0,0,686028641,764680908,606603,583073,0.961195953921123,65280
"97","CA","California","06037",2021,"los angeles county",64141944000,17394887000,29368129000,6834441000,0,0,32179943000,31698208000,10014042,9924789,0.991090481344684,77356
"98","IL","Illinois","17031",2021,"cook county",23004219360,14984908546,2105154520,1740684456,0,0,6636292827,6797965119,5275522,5272651,0.999452188884514,72063
"99","TX","Texas","48201",2021,"harris county",10515266381,725190179,3473489714,1035427458,114259,0,4496693342,4159884770,4731129,4677507,0.988662786703853,63539
"100","AZ","Arizona","04013",2021,"maricopa county",3153531275,2061212073,6798975,759547144,0,18133053,2563125904,2918143070,4420574,4318689,0.976953414131397,76230
"101","CA","California","06073",2021,"san diego county",7621970000,4478532000,92006000,1342602000,0,0,5889572000,5933947000,3298635,3153671,0.956053627046832,90756
"102","CA","California","06059",2021,"orange county",6559088000,3547702000,305411000,993231000,0,0,4777762000,5596641000,3186979,3179027,0.997501717138026,100210
"103","FL","Florida","12086",2021,"miami-dade county",25973866000,1434132000,745948000,1896558000,36837000,0,10107900000,10375967000,2701762,2678436,0.991364540317503,58905
"104","TX","Texas","48113",2021,"dallas county",1211575000,246648000,194549000,465875000,0,0,1050839000,1153142000,2611491,2598426,0.994217419368909,63549
"105","CA","California","06065",2021,"riverside county",8050732000,2983082000,187718000,1482611000,0,0,4926875000,5709720000,2418177,2285826,0.945265147207513,78690
"106","WA","Washington","53033",2021,"king county",7316533000,105494000,106488000,1104880000,0,0,4139998000,5456853000,2269667,2194904,0.9670565169022,110351
"107","NV","Nevada","32003",2021,"clark county",11138242764,3013888321,798014345,795343332,0,0,5116349531,5589279066,2265469,2236714,0.987310750438873,63735
"108","CA","California","06071",2021,"san bernardino county",5537452000,3317265000,0,696244000,0,0,5014655000,5477185000,2181662,2064249,0.94618532544574,74218
"109","TX","Texas","48439",2021,"tarrant county",1110277000,290929000,213391000,319710000,0,0,788728000,898917000,2110608,2084718,0.987718417162567,71399
"110","TX","Texas","48029",2021,"bexar county",3218500283,166644668,227493053,309676217,0,0,879279344,819459722,2009322,1914732,0.952923470779227,63014
"111","FL","Florida","12011",2021,"broward county",6436431000,571574000,312871000,725175000,0,0,2929638000,3569531000,1944376,1944223,0.999921825779492,65536
"112","CA","California","06085",2021,"santa clara county",11018099000,4769151000,1088627000,2024400000,0,0,7525256000,7369719000,1936274,1910722,0.98681116524184,141161
"113","MI","Michigan","26163",2021,"wayne county",1833822081,419609419,74938340,492542009,0,0,881524450,1129125590,1793549,1777476,0.991031807672,52644
"114","CA","California","06001",2021,"alameda county",4361821000,1843225000,92241000,780365000,0,0,3483659000,3941250000,1682331,1674100,0.995094370800896,108971
"115","CA","California","06067",2021,"sacramento county",6246742000,2389783000,162324000,722122000,0,0,3584057000,3732809000,1585046,1547026,0.976007772600951,79611
"116","NY","New York","36103",2021,"suffolk county",10612203516,153186365,6543850000,769874403,0,0,3283107373,3761936700,1525936,1495948,0.980358079060501,112681
"117","FL","Florida","12099",2021,"palm beach county",2867589031,572344587,435910997,406205108,0,0,2537122095,3078026083,1492198,1479525,0.991511810485387,70024
"118","FL","Florida","12057",2021,"hillsborough county",2651501000,398407000,140126000,433628000,0,0,2384317000,2935269000,1459773,1406155,0.963276890342398,65818
"119","FL","Florida","12095",2021,"orange county",2535663033,412121992,39509605,547868101,0,1672149,2782752215,3161702697,1429901,1396338,0.97652296511384,64579
"120","NY","New York","36059",2021,"nassau county",14266585000,145322000,6580900000,914106000,0,0,3451734000,3720412000,1395777,1389785,0.995709190742914,125118
"121","OH","Ohio","39049",2021,"franklin county",1213345000,393456000,0,227954000,0,46762000,1053702000,1507973000,1323800,1305636,0.986273678867086,66056
"122","TX","Texas","48453",2021,"travis county",2765955695,248672256,947786046,265688998,0,0,958672538,1099473275,1290209,1224251,0.948893494591486,84519
"123","MN","Minnesota","27053",2021,"hennepin county",3292065967,594886582,150763144,527946131,0,0,3187218746,3491919768,1281568,1250960,0.976119041952613,84220
"124","MI","Michigan","26125",2021,"oakland county",614314635,0,0,251799723,71914093,618263365,892954415,1046307198,1274395,1203765,0.944577623107435,86597
"125","OH","Ohio","39035",2021,"cuyahoga county",1740814356,413749034,0,100684272,8268140,49172412,1061442195,1763123220,1264813,1257664,0.994344636417758,55250
"126","PA","Pennsylvania","42003",2021,"allegheny county",3719833153,2120359787,63988013,528838388,0,0,2378364739,2093924331,1250585,1220381,0.9758535653114,68874
"127","UT","Utah","49035",2021,"salt lake county",930514547,20326797,92332859,228806107,1426934,0,1184409558,1368687254,1185236,1177043,0.993085776865068,80676
"128","CA","California","06013",2021,"contra costa county",2234279000,341498000,449556000,591573000,0,16235000,3677028000,4254779000,1165927,1154266,0.989998516202129,110595
"129","VA","Virginia","51059",2021,"fairfax county",7780137025,2235726340,16360027,632101836,0,0,5628944754,5707862716,1150305,1132574,0.984582403510709,133845
"130","NC","North Carolina","37183",2021,"wake county",3781363137,152076032,540414829,267923808,2694036,0,1899907647,1908957172,1129393,1071162,0.94842616941589,91558
"131","NC","North Carolina","37119",2021,"mecklenburg county",2840113166,194584299,401088310,382388987,1819879,0,2022903552,2048755909,1115526,1106063,0.991556116548721,75138
"132","GA","Georgia","13121",2021,"fulton county",3210861,228976,1710105,139989,0,0,1065145,1128994,1066702,1059965,0.993676819379213,82820
"133","TX","Texas","48085",2021,"collin county",724868503,0,0,132032503,15726894,0,368476068,455465492,1066465,999005,0.938504319071083,102119
"134","MD","Maryland","24031",2021,"montgomery county",6795850104,147199286,983532109,651864212,0,0,4834370919,5488179379,1062054,1033604,0.9732058704726,112352
"135","AZ","Arizona","04019",2021,"pima county",2390808000,869089000,0,236564000,0,5456000,1194524000,1295372000,1043434,951173,0.911580331463544,60604
"136","CA","California","06019",2021,"fresno county",2458099000,1296105000,0,324987000,0,0,1856333000,2063938000,1008650,895029,0.88734987418877,63140
"137","NY","New York","36119",2021,"westchester county",6416989725,18684807,4010990120,534579175,0,0,2577009754,2688714437,1004445,958924,0.954669040088326,109131
"138","MO","Missouri","29189",2021,"st louis county",961302688,267696492,0,101822218,0,0,846092409,1010714005,1004310,990523,0.986453877754264,72507
"139","IN","Indiana","18097",2021,"marion county",865857431,72628957,12698175,46559091,0,0,371422588,362420851,977213,968609,0.991205512058395,58737
"140","MD","Maryland","24033",2021,"prince georges county",7999883082,1521298858,2362474000,587019675,0,0,2864966816,2840208300,967194,943654,0.975654491672362,89689
"141","FL","Florida","12103",2021,"pinellas county",1500671306,229726672,717811753,281115726,0,0,1400788919,1718783889,959103,957280,0.998095103048982,61851
"142","GA","Georgia","13135",2021,"gwinnett county",1357118000,135727000,10373000,242852000,0,0,1301235000,1690553000,957027,952537,0.995271988648593,75021
"143","NJ","New Jersey","34003",2021,"bergen county",1404592548,458269025,1266760449,0,0,0,773899708,802219456,955746,954575,0.99878940958344,104777
"144","NY","New York","36029",2021,"erie county",2860090000,1080000,1561629000,297230000,0,0,1809555000,2052824000,954244,855868,0.896914390150864,63014
"145","WI","Wisconsin","55079",2021,"milwaukee county",2779553000,512979000,1332245000,226618000,32343000,0,1045939000,1229343000,939495,936887,0.997230409296969,56417
"146","IL","Illinois","17043",2021,"dupage county",379886584,78705628,13474029,129040318,104078,0,463267491,596436283,932877,931125,0.998121938905129,99536
"147","TN","Tennessee","47157",2021,"shelby county",2008712395,700971001,0,205729473,212993,38920000,1211483336,1272411186,929722,898107,0.965972353680153,54931
"148","WA","Washington","53053",2021,"pierce county",764732000,18247000,91356000,165642000,0,0,780498000,998242000,921137,858662,0.932183296603085,85492
"149","CA","California","06029",2021,"kern county",2863851000,1984698000,18400000,246475000,0,0,1789461000,2114198000,909244,787826,0.866471264304608,57926
"150","TX","Texas","48121",2021,"denton county",945517302,63577282,120611720,131038984,0,0,299304147,382871744,906405,841126,0.927962913521516,98027
"151","MI","Michigan","26099",2021,"macomb county",630844191,0,45432527,313348245,235350995,28327976,563100014,812048812,881219,852930,0.967900074555983,67646
"152","TX","Texas","48215",2021,"hidalgo county",792412703,72709939,54140220,224338745,0,0,540563101,595077981,870796,793236,0.910947758391605,44260
"153","TX","Texas","48141",2021,"el paso county",538404124,152970622,58857250,125013246,0,0,393999931,420376483,865655,830826,0.95976350910349,50983
"154","NJ","New Jersey","34023",2021,"middlesex county",472616402,270978925,1231405298,0,0,0,682624114,693353152,863183,854733,0.990234741566473,98992
"155","NJ","New Jersey","34013",2021,"essex county",853905018,0,0,0,0,0,934915605,985000215,862782,863609,0.999862225144953,66191
"156","PA","Pennsylvania","42091",2021,"montgomery county",859012113,53257603,0,237244444,0,0,886852943,944719650,856559,827974,0.966634872564803,102648
"157","MD","Maryland","24005",2021,"baltimore county",9130642000,2019377000,1937925000,431079000,0,0,3490982000,3390494000,854554,793614,0.928708595903035,80159
"158","CA","California","06111",2021,"ventura county",2202431000,0,161305000,0,0,0,2317724000,2448419000,843843,815432,0.966331414729991,95819
"159","OH","Ohio","39061",2021,"hamilton county",2164060000,239988000,0,333244000,3564000,59749000,1016816000,1461511000,830625,810853,0.976179784479178,64087
"160","WA","Washington","53061",2021,"snohomish county",654806038,15321883,4651634,185816843,203745902,0,707312564,958233278,827947,730291,0.882039767765717,99650
"161","TX","Texas","48157",2021,"fort bend county",1661443258,78846469,634919158,168264845,0,0,665679723,1166565573,822779,783302,0.9520199227253,98070
"162","OR","Oregon","41051",2021,"multnomah county",1929819000,728099000,126633000,288051000,0,24425000,1726504000,1687490000,815429,804977,0.987183417787959,77851
"163","OK","Oklahoma","40109",2021,"oklahoma county",442422773,9502733,308520735,91819061,0,0,188010498,163412031,796567,735843,0.924086892747886,57890
"164","KY","Kentucky","21111",2021,"jefferson county",2477366174,1209969000,371956000,104708561,0,0,1098801319,1159936135,782956,770185,0.98367240593178,60636
"165","CA","California","06077",2021,"san joaquin county",2216013213,1573255627,103570248,287495573,0,0,1752992966,2008743593,779227,718832,0.922486599001839,79598
"166","GA","Georgia","13067",2021,"cobb county",1595747561,557302031,154309832,188056148,0,0,1085394612,1273760842,766160,766109,0.99994779083442,87532
"167","CA","California","06081",2021,"san mateo county",2309401000,831037000,58418000,553553000,0,0,2177325000,2464709000,764432,751407,0.982948346637155,131151
"168","GA","Georgia","13089",2021,"dekalb county",2745535000,717694000,609092000,307546000,0,0,1060916000,1289439000,764386,763175,0.998420946594765,70756
"169","FL","Florida","12071",2021,"lee county",1971942000,185941000,652769000,252454000,0,0,1250695000,1471737000,760820,730937,0.960720115874672,66426
"170","NY","New York","36055",2021,"monroe county",1756290000,1546000,526739000,358055000,0,0,1677291000,1799637000,759444,697775,0.918798382498752,66003
"171","CO","Colorado","08041",2021,"el paso county",561363272,157726231,177433869,99419728,0,0,411539647,468200634,730402,655526,0.897495190958317,79094
"172","MA","Massachusetts","25021",2021,"norfolk county",99094039,26064827,47116906,9431880,0,0,38281994,38756308,725999,711300,0.979777707681055,114658
"173","FL","Florida","12105",2021,"polk county",990797933,155096480,186387615,228272310,0,0,776750167,1019623557,725041,646127,0.891153113043862,56344
"174","NJ","New Jersey","34017",2021,"hudson county",1045804848,389915210,676531494,0,0,0,713737751,744380324,724857,724854,1,79159
"175","MO","Missouri","29095",2021,"jackson county",515860591,720855,5721309,111293420,0,0,309714604,348937104,717206,686587,0.957310611764575,63282
"176","TN","Tennessee","47037",2021,"davidson county",10003910908,48089719,4302183871,472531760,0,0,3052471950,3668749852,715875,693387,0.968574517659286,65463
"177","CO","Colorado","08031",2021,"denver county",12287597000,1764486000,253829000,926765000,65973000,0,3707999000,4128337000,715538,715418,0.999854651569064,81262
"178","IL","Illinois","17097",2021,"lake county",389533644,0,18696673,134600460,39077298,0,436713723,541263230,714351,704232,0.985847115247318,95895
"179","IL","Illinois","17197",2021,"will county",641931750,44960011,53068222,112161000,0,0,355212810,449231264,696362,662409,0.951251875839191,93994
"180","NM","New Mexico","35001",2021,"bernalillo county",940238572,378957607,120642605,141339086,0,0,440372419,542770563,676438,649512,0.960185913394161,59723
"181","AL","Alabama","01073",2021,"jefferson county",2988585557,0,115072977,199430718,121961328,0,807964115,802308405,674355,593276,0.879290847624426,55210
"182","OK","Oklahoma","40143",2021,"tulsa county",278870421,138553911,0,17493788,0,0,318341854,294612937,669272,634925,0.948670136071803,59232
"183","UT","Utah","49049",2021,"utah county",339808840,9825653,8226676,96572119,416277,0,291628989,397124865,659392,631512,0.957708458763207,86597
"184","MI","Michigan","26081",2021,"kent county",327844737,0,19822380,110727743,0,0,352782608,424398985,657984,551457,0.838113664065753,71933
"185","CO","Colorado","08005",2021,"arapahoe county",490947745,207654520,0,114619921,0,0,413970137,418338834,655058,641552,0.979364037431114,84308
"186","PA","Pennsylvania","42017",2021,"bucks county",555602123,0,0,251910003,35668309,0,629286744,662269451,646526,579965,0.897031574323551,99755
"187","NJ","New Jersey","34025",2021,"monmouth county",2779125286,435741708,421395689,0,0,0,686586456,736129122,643608,610605,0.948711574466102,107500
"188","NJ","New Jersey","34029",2021,"ocean county",1011704677,320908683,0,0,0,0,514787052,553770430,637229,613695,0.96306822194219,75732
"189","TX","Texas","48339",2021,"montgomery county",1194773412,49048682,311015175,173885862,0,0,531398997,545477194,620451,478509,0.77123764793865,87831
"190","KS","Kansas","20091",2021,"johnson county",1372065338,181941520,25212996,156204744,0,0,717661664,769351233,609864,585241,0.959626998194677,93220
"191","TX","Texas","48491",2021,"williamson county",1502964941,58153888,61086970,132579328,0,0,366126433,508954725,609010,553276,0.908473819285833,96653
"192","FL","Florida","12009",2021,"brevard county",655160577,127428928,27571556,142693690,0,0,651278223,807729054,606603,583073,0.961195953921123,65280
"193","FL","Florida","12009",2022,"brevard county",889310802,341923924,28940840,167940712,0,0,693127754,832550238,606603,583073,0.961195953921123,65280
"194","TX","Texas","48491",2022,"williamson county",1478698412,0,55615361,180096199,15236030,0,405755837,648580913,609010,553276,0.908473819285833,96653
"195","KS","Kansas","20091",2022,"johnson county",1379346992,294761994,20223892,135508112,0,0,720344816,887629930,609864,585241,0.959626998194677,93220
"196","TX","Texas","48339",2022,"montgomery county",1064840923,0,224199623,199379542,47475152,0,519782510,533863539,620451,478509,0.77123764793865,87831
"197","NJ","New Jersey","34029",2022,"ocean county",1068262683,302916834,444927592,0,0,0,547849437,584612193,637229,613695,0.96306822194219,75732
"198","NJ","New Jersey","34025",2022,"monmouth county",1154066548,355645556,332633236,0,0,0,595633392,633695620,643608,610605,0.948711574466102,107500
"199","PA","Pennsylvania","42017",2022,"bucks county",713808738,167833441,0,295839525,0,0,671377660,765395005,646526,579965,0.897031574323551,99755
"200","CO","Colorado","08005",2022,"arapahoe county",481994275,181684482,0,136110648,0,0,440960757,485418651,655058,641552,0.979364037431114,84308
"201","MI","Michigan","26081",2022,"kent county",516826360,130987955,22376361,173721069,0,0,414111433,417949271,657984,551457,0.838113664065753,71933
"202","UT","Utah","49049",2022,"utah county",349027567,0,6543375,128632167,28151124,0,346479843,444665119,659392,631512,0.957708458763207,86597
"203","AL","Alabama","01073",2022,"jefferson county",3160364524,0,117668334,260293013,265102822,0,819402382,798799650,674355,593276,0.879290847624426,55210
"204","NM","New Mexico","35001",2022,"bernalillo county",806023552,234892180,95808405,204159486,0,0,469291512,559608211,676438,649512,0.960185913394161,59723
"205","IL","Illinois","17197",2022,"will county",656302779,3257375,50988576,181140231,51426809,0,303254753,450040361,696362,662409,0.951251875839191,93994
"206","IL","Illinois","17097",2022,"lake county",0,0,0,0,0,0,0,0,714351,704232,0.985847115247318,95895
"207","CO","Colorado","08031",2022,"denver county",14054059000,1454425000,244985000,1119786000,156920000,0,3703766000,4136851000,715538,715418,0.999854651569064,81262
"208","TN","Tennessee","47037",2022,"davidson county",0,0,0,0,0,0,0,0,715875,693387,0.968574517659286,65463
"209","MO","Missouri","29095",2022,"jackson county",551730468,44377642,4547369,137339385,0,0,326204037,391924013,717206,686587,0.957310611764575,63282
"210","NJ","New Jersey","34017",2022,"hudson county",1055534451,354321731,672080872,0,0,0,689844172,735647146,724857,724854,1,79159
"211","FL","Florida","12105",2022,"polk county",1348579114,418623364,208784936,315279229,0,0,874988415,995110961,725041,646127,0.891153113043862,56344
"212","CO","Colorado","08041",2022,"el paso county",612505377,219998638,129120022,141220141,0,0,424241371,473244502,730402,655526,0.897495190958317,79094
"213","NY","New York","36055",2022,"monroe county",1764413000,194000,421149000,451053000,90821000,0,1669037000,1850800000,759444,697775,0.918798382498752,66003
"214","FL","Florida","12071",2022,"lee county",2617928000,491165000,590557000,347604000,0,0,1365573000,1531305000,760820,730937,0.960720115874672,66426
"215","GA","Georgia","13089",2022,"dekalb county",3321579000,1170291000,421340000,352782000,0,0,1208686000,1383107000,764386,763175,0.998420946594765,70756
"216","CA","California","06081",2022,"san mateo county",1672083000,99609000,547000,657660000,0,14790000,1985390000,2486652000,764432,751407,0.982948346637155,131151
"217","GA","Georgia","13067",2022,"cobb county",1931904436,785875583,213167041,284774704,0,0,1195894874,1327837805,766160,766109,0.99994779083442,87532
"218","CA","California","06077",2022,"san joaquin county",1882102114,1137961048,81333690,367241962,0,0,1742721012,2072021532,779227,718832,0.922486599001839,79598
"219","KY","Kentucky","21111",2022,"jefferson county",2400797800,1029232000,310565000,94866508,0,0,1070721978,1262234798,782956,770185,0.98367240593178,60636
"220","OK","Oklahoma","40109",2022,"oklahoma county",0,0,0,0,0,0,0,0,796567,735843,0.924086892747886,57890
"221","OR","Oregon","41051",2022,"multnomah county",1620060000,396720000,123162000,345769000,0,8991000,1765692000,2174778000,815429,804977,0.987183417787959,77851
"222","TX","Texas","48157",2022,"fort bend county",1483281134,0,495366734,158164995,32298711,0,622136333,873511068,822779,783302,0.9520199227253,98070
"223","WA","Washington","53061",2022,"snohomish county",767026252,34425940,3574222,233167166,82806194,0,807727967,931974469,827947,730291,0.882039767765717,99650
"224","OH","Ohio","39061",2022,"hamilton county",2119322000,428421000,0,301302000,5156000,79527000,1194765000,1472060000,830625,810853,0.976179784479178,64087
"225","CA","California","06111",2022,"ventura county",1596782000,15480000,161283000,562232000,489891000,3499000,1989882000,2521533000,843843,815432,0.966331414729991,95819
"226","MD","Maryland","24005",2022,"baltimore county",8925251000,1592201000,1993525000,453369000,0,0,3386482000,3604481000,854554,793614,0.928708595903035,80159
"227","NJ","New Jersey","34013",2022,"essex county",1333822760,0,0,0,0,0,940128190,980178939,862782,863609,0.999862225144953,66191
"228","NJ","New Jersey","34023",2022,"middlesex county",818946554,282723628,864329337,0,0,0,678535218,691143942,863183,854733,0.990234741566473,98992
"229","TX","Texas","48141",2022,"el paso county",469658879,850554,61501898,178298235,3519952,0,410698821,473629977,865655,830826,0.95976350910349,50983
"230","TX","Texas","48215",2022,"hidalgo county",706023480,0,35754355,244737229,17497275,0,556346007,590556313,870796,793236,0.910947758391605,44260
"231","MI","Michigan","26099",2022,"macomb county",797411925,29807879,95649498,414588393,0,16223318,705098729,905786976,881219,852930,0.967900074555983,67646
"232","TX","Texas","48121",2022,"denton county",942504194,0,131981180,196556722,7850277,0,333491434,382086688,906405,841126,0.927962913521516,98027
"233","CA","California","06029",2022,"kern county",2458533000,1401786000,66568000,272558000,0,0,1760606000,2155740000,909244,787826,0.866471264304608,57926
"234","WA","Washington","53053",2022,"pierce county",786234000,41010000,65840000,205463000,96510000,0,826863000,1065085000,921137,858662,0.932183296603085,85492
"235","TN","Tennessee","47157",2022,"shelby county",1686087369,458893000,0,240880271,0,119734000,1260871205,1399883407,929722,898107,0.965972353680153,54931
"236","IL","Illinois","17043",2022,"dupage county",371780219,25119861,14480279,183587599,89773577,0,436498702,578968613,932877,931125,0.998121938905129,99536
"237","WI","Wisconsin","55079",2022,"milwaukee county",0,0,0,0,0,0,0,0,939495,936887,0.997230409296969,56417
"238","NY","New York","36029",2022,"erie county",2719801000,1791000,1319702000,413110000,90761000,0,1948717000,2218476000,954244,855868,0.896914390150864,63014
"239","NJ","New Jersey","34003",2022,"bergen county",1582245345,424813024,1102707506,0,0,0,0,0,955746,954575,0.99878940958344,104777
"240","GA","Georgia","13135",2022,"gwinnett county",1752172000,442861000,29686000,336653000,0,0,1533144000,1885690000,957027,952537,0.995271988648593,75021
"241","FL","Florida","12103",2022,"pinellas county",1726476142,574430889,515479700,344121316,0,0,1393012585,1729243797,959103,957280,0.998095103048982,61851
"242","MD","Maryland","24033",2022,"prince georges county",8126355662,2011969036,1827234000,675694431,0,0,2941863262,2959489358,967194,943654,0.975654491672362,89689
"243","IN","Indiana","18097",2022,"marion county",933540322,156364982,10649537,47022055,0,0,398523740,453427397,977213,968609,0.991205512058395,58737
"244","MO","Missouri","29189",2022,"st louis county",1165789621,223749888,0,153407695,0,0,858968545,1110658227,1004310,990523,0.986453877754264,72507
"245","NY","New York","36119",2022,"westchester county",5455855819,5961597,2765190616,594949644,120896268,0,2440642883,2897940988,1004445,958924,0.954669040088326,109131
"246","CA","California","06019",2022,"fresno county",1863307000,436078000,0,367406000,0,0,1814287000,2054334000,1008650,895029,0.88734987418877,63140
"247","AZ","Arizona","04019",2022,"pima county",2225697000,656632000,0,366670000,0,19452000,1226132000,1349779000,1043434,951173,0.911580331463544,60604
"248","MD","Maryland","24031",2022,"montgomery county",6546685167,57114416,819410047,693995164,0,0,4729248159,5593468063,1062054,1033604,0.9732058704726,112352
"249","TX","Texas","48085",2022,"collin county",839611375,0,0,229874351,126559762,0,299066697,380821720,1066465,999005,0.938504319071083,102119
"250","GA","Georgia","13121",2022,"fulton county",3269838,579392,1282596,234532,0,0,1300657,1168883,1066702,1059965,0.993676819379213,82820
"251","NC","North Carolina","37119",2022,"mecklenburg county",2646851948,96878331,445605480,416986855,1464707,0,2168695921,2251123416,1115526,1106063,0.991556116548721,75138
"252","NC","North Carolina","37183",2022,"wake county",3954860060,87388204,582455375,343675750,2291248,0,1932392591,1991869149,1129393,1071162,0.94842616941589,91558
"253","VA","Virginia","51059",2022,"fairfax county",7064284286,1298126521,0,695168747,0,39502513,5355159092,5805931496,1150305,1132574,0.984582403510709,133845
"254","CA","California","06013",2022,"contra costa county",2304983000,0,428767000,852991000,179943000,21000000,3552720000,4265257000,1165927,1154266,0.989998516202129,110595
"255","UT","Utah","49035",2022,"salt lake county",901158680,0,89452848,291835637,93065740,0,1289460068,1515735637,1185236,1177043,0.993085776865068,80676
"256","PA","Pennsylvania","42003",2022,"allegheny county",3495707885,1709287075,64322191,242179246,0,0,2335737734,2351482244,1250585,1220381,0.9758535653114,68874
"257","OH","Ohio","39035",2022,"cuyahoga county",1790424922,248055881,0,157082563,10852862,87108546,1390422019,1550202031,1264813,1257664,0.994344636417758,55250
"258","MI","Michigan","26125",2022,"oakland county",823708772,69207954,0,376154998,0,400265102,898512183,909318646,1274395,1203765,0.944577623107435,86597
"259","MN","Minnesota","27053",2022,"hennepin county",3974190169,1282413828,141031543,555563684,0,0,3712882218,3769808267,1281568,1250960,0.976119041952613,84220
"260","TX","Texas","48453",2022,"travis county",2193577570,0,650170983,382030994,39569661,0,875591410,1043089696,1290209,1224251,0.948893494591486,84519
"261","OH","Ohio","39049",2022,"franklin county",1134673000,235764000,0,333895000,0,79476000,1355679000,1560390000,1323800,1305636,0.986273678867086,66056
"262","NY","New York","36059",2022,"nassau county",14209896000,49644000,6777227000,731113000,135249000,0,3023249000,3803833000,1395777,1389785,0.995709190742914,125118
"263","FL","Florida","12095",2022,"orange county",3343687424,1058941820,81132926,662386311,0,0,3022179615,3460872047,1429901,1396338,0.97652296511384,64579
"264","FL","Florida","12057",2022,"hillsborough county",3375581000,1040344000,142427000,595303000,0,0,2615067000,2992868000,1459773,1406155,0.963276890342398,65818
"265","FL","Florida","12099",2022,"palm beach county",3594364662,1539693692,395323262,307663661,0,0,2659504191,3322547956,1492198,1479525,0.991511810485387,70024
"266","NY","New York","36103",2022,"suffolk county",8777884761,48109340,4723930000,1060478347,177784424,0,3045689813,3998664007,1525936,1495948,0.980358079060501,112681
"267","CA","California","06067",2022,"sacramento county",4539311000,403532000,147206000,757014000,0,0,3268277000,4094287000,1585046,1547026,0.976007772600951,79611
"268","CA","California","06001",2022,"alameda county",3481817000,542754000,64962000,1057814000,0,320915000,3392909000,3848856000,1682331,1674100,0.995094370800896,108971
"269","MI","Michigan","26163",2022,"wayne county",2118429006,563847992,75074340,623396057,0,0,846795263,1113482231,1793549,1777476,0.991031807672,52644
"270","CA","California","06085",2022,"santa clara county",10216977000,2989893000,867326000,2188366000,0,0,7232097000,8175440000,1936274,1910722,0.98681116524184,141161
"271","FL","Florida","12011",2022,"broward county",8022241000,1505308000,312736000,461209000,0,0,3226445000,4037270000,1944376,1944223,0.999921825779492,65536
"272","TX","Texas","48029",2022,"bexar county",3217678883,0,187140419,431377495,55969325,0,878555086,999154173,2009322,1914732,0.952923470779227,63014
"273","TX","Texas","48439",2022,"tarrant county",1200856000,28589000,222716000,462047000,0,0,761000000,896004000,2110608,2084718,0.987718417162567,71399
"274","CA","California","06071",2022,"san bernardino county",3614078000,1065771000,0,937837000,0,0,4578231000,5598444000,2181662,2064249,0.94618532544574,74218
"275","NV","Nevada","32003",2022,"clark county",9487340495,1909884763,724613280,884775706,0,24683415,4982849801,6284488499,2265469,2236714,0.987310750438873,63735
"276","WA","Washington","53033",2022,"king county",7371622000,230533000,92158000,1086659000,479882000,0,4819081000,5508067000,2269667,2194904,0.9670565169022,110351
"277","CA","California","06065",2022,"riverside county",7049200000,1289767000,192288000,1973941000,1509000,0,5323639000,5768086000,2418177,2285826,0.945265147207513,78690
"278","TX","Texas","48113",2022,"dallas county",1211575000,246648000,194549000,479961000,0,0,1050839000,1153142000,2611491,2598426,0.994217419368909,63549
"279","FL","Florida","12086",2022,"miami-dade county",29220400000,3979267000,734469000,1956925000,0,0,10728098000,12023119000,2701762,2678436,0.991364540317503,58905
"280","CA","California","06059",2022,"orange county",5472509000,2048680000,233049000,994260000,0,0,4260936000,5644596000,3186979,3179027,0.997501717138026,100210
"281","CA","California","06073",2022,"san diego county",5680147000,2246673000,71147000,1535468000,0,0,5340993000,6027232000,3298635,3153671,0.956053627046832,90756
"282","AZ","Arizona","04013",2022,"maricopa county",3610787387,1626366174,1045980,1051665015,0,49909693,2534230280,3045885768,4420574,4318689,0.976953414131397,76230
"283","TX","Texas","48201",2022,"harris county",10592080708,0,3922333666,1265164404,253423134,0,4590488836,4479142642,4731129,4677507,0.988662786703853,63539
"284","IL","Illinois","17031",2022,"cook county",19531125441,10837262892,1978062391,2582456775,0,0,6881055379,7984980380,5275522,5272651,0.999452188884514,72063
"285","CA","California","06037",2022,"los angeles county",54844462000,7030463000,26997560000,8634894000,0,0,30987889000,33326577000,10014042,9924789,0.991090481344684,77356
"286","HI","Hawaii","15003",2020,"city and county of honolulu",11985749000,2665559000,1871583000,346028000,0,0,2792719000,3219749000,1016506,999341,0.983111790561412,90176
"287","PA","Pennsylvania","42101",2020,"philadelphia",19141711000,6095885000,1935327000,1937322000,0,0,8712288000,8677695000,1603799,1603797,1,52882
"288","FL","Florida","12031",2020,"jacksonville",6319925000,2985785000,261160000,199668000,0,0,2164006000,2123471000,995560,969177,0.973492492218002,60121
"289","CA","California","06075",2020,"city and county of san francisco",34557584000,4655538000,3903016000,1668487000,0,0,12023583000,12519966000,873959,873965,1,119776
"290","FL","Florida","12031",2021,"jacksonville",6696965000,3107155000,416420000,408696000,0,0,2119364000,2076052000,995560,969177,0.973492492218002,60121
"291","PA","Pennsylvania","42101",2021,"philadelphia",18803884000,4721351000,2088155000,2887334000,0,0,8408336000,8763843000,1603799,1603797,1,52882
"292","HI","Hawaii","15003",2021,"city and county of honolulu",12416899000,2919908000,1723506000,389766000,0,0,3323166000,3317340000,1016506,999341,0.983111790561412,90176
"293","CA","California","06075",2021,"city and county of san francisco",36525105,5614021,3811347,3498079,0,0,12585731,13106808,873959,873965,1,119776
"294","CA","California","06075",2022,"city and county of san francisco",33104748000,341625000,3679684000,3946368000,2445792000,0,11211694000,13374941000,873959,873965,1,119776
"295","HI","Hawaii","15003",2022,"city and county of honolulu",12355669000,2270106000,1472298000,831189000,0,0,2918433000,3219681000,1016506,999341,0.983111790561412,90176
"296","FL","Florida","12031",2022,"jacksonville",6540349000,2905810000,274269000,549157000,0,0,2198134000,2370769000,995560,969177,0.973492492218002,60121
"297","PA","Pennsylvania","42101",2022,"philadelphia",21025387000,5386419000,2156649000,3391914000,0,0,8888976000,10214282000,1603799,1603797,1,52882
